010276,Arktis White (P0WP),Tissu vinyl GS-line. Jet Black Focus Red (S9FJ),Winter Pack (NA01)  /  Prédisposition roue de secours (accessoire) (RS19)  /  Park & Go Pack (WY24)  /  Jantes en alliage léger 18. tri-ton (ZHA3)  /  Multimedia Navi 7 avec Mirrorlink (ZJ31)  /  Active Drive Assist Plus (ZVCB),BE0174,1GQOSYHNPKB0A020,20220107,60,28403.64,VXKUSHNSKMW094756,---,20211227,20211221,,BE01740 (SCHYNS HUY),,Stock Filiale,0028XBDR-0MS76EP61-BE00960024-HF79552001,00230189,J01,VP,2021-12-22
108535,Ikone Green (M0HU),Cuir Siena. Jet Black (T0FR),Alarme antivol (AB13)  /  Volant chauffant (I301)  /  Couleur de toit Karbon Black (JD20)  /  Prédisposition roue de secours (accessoire) (RS19)  /  Vitres surteintées arrières (VD09)  /  Park & Go Pack (WY24)  /  Keyless Entry & Start (YD07)  /  Feux avant matriciels à LED adaptives Intellilux (YQ03)  /  Multimedia Navi Pro 10 avec Mirrorlink & Pure Panel 12 (ZJ32)  /  Active Drive Assist Plus (ZVCB),BE0174,1GQOSYKMMKB0A020,20220302,60,31100.68,VXKUDYHSKMW095084,---,20220202,20211222,,BE01740 (SCHYNS HUY),,Stock Filiale,VA APV,00237746,J01,VP,2022-02-25
154463,Kontrast Grey (M0F4),Cuir Siena. Red decor (T0FJ),Prédisposition roue de secours (accessoire) (RS19)  /  Park & Go Pack (WY24)  /  Keyless Entry & Start (YD07)  /  Feux avant matriciels à LED adaptives Intellilux (YQ03)  /  Jantes en alliage léger 18. tri-ton (ZHA3)  /  Multimedia Navi Pro 10 avec Mirrorlink & Pure Panel 12 (ZJ32)  /  Active Drive Assist Plus (ZVCB),BE0174,1GQOSYHMMKB0A020,20220413,60,31705.17,VXKUDYHSKMW095439,---,20220126,20211229,,BE01740 (SCHYNS HUY),,Stock Filiale,0047XEC0-0MT76HZ61-BE00960040-HG80842001,00240640,J01,VP,2022-03-22
154469,Ikone Green (M0HU),Tissu vinyl Elegance. Focus Grey (S9FY),Couleur de toit Karbon Black (JD20)  /  Prédisposition roue de secours (accessoire) (RS19)  /  Vitres surteintées arrières (VD09)  /  Park & Go Pack (WY24)  /  Multimedia Navi Pro 10 avec Mirrorlink & Pure Panel 12 (ZJ32),BE0174,1GQOSYKMMKB0A020,20220218,60,27706.16,VXKUDYHSKMW095735,---,20220126,20211230,,BE01740 (SCHYNS HUY),,Stock Filiale,0010XMDR-0ME76HZ61-BE00960069-HH42133001,00233421,J04,VP,2022-01-21
186556,Diamond Black (M09V),Habillage en tissu Harlekin Black (T7FY),Climatisation électronique ECC (RE07)  /  UB13 (inconnu)  /  Fenêtres sur-teintées à larrière (VD18)  /  Radio Multimedia Navi avec écran tactile 7 (WLX7)  /  IntellGrip avec jantes en alliage 17 (ZHOL),BE0174,1GK0NPPPEKB0A0F2,20220621,30,47466.63,VXEVEEHTMNZ040284,---,20220602,20220526,GHISLENGHIEN,BE01740 (SCHYNS HUY),,Stock Filiale,0035XM4K-08KZ6MQP1-BE00960098-HI90424001,00230069,J01,VP,2021-12-20
193581,Icy White (P0PR),Tissu Curitiba Tritone Grey Vinyl Carla Black & Bitone Dashboard (43FT),Protection du plancher de chargement en bois. antidérapante. 9mm. bois enduit des passages de roue et des flancs 6mm (GB38)  /  Appearance Pack (PD69)  /  Air conditionné automatique bizone (RE07)  /  Roue de secours sur jante en acier (RS03)  /  Siège passager réglable manuellement en 4 positions avec accoudoir (WAAO)  /  Radio Multimedia Navi DAB+ (WLX7)  /  Hayon arrière avec vitre (WO06)  /  Jantes en aluminium 17. argentées. pneus Agilis 215/60R17 + IntelliGrip (ZHOG),BE0174,2GK0FLNPEKB0A0F2,,,,---,---,20221120,,,BE01740 (SCHYNS HUY),,Stock Filiale,0073XMG8-08DC5MLP1-BE00960104-HJ01746001,00230066,J01,VU,2021-12-20
196737,Moonstone Grey Metallic (M0VL),Tissu Curitiba Tritone Grey Vinyl Carla Black & Bitone Dashboard (43FT),Protection du plancher de chargement en bois. antidérapante. 9mm. bois enduit des passages de roue et des flancs 6mm (GB38)  /  Phares à Xénon (LA04)  /  Air conditionné automatique bizone (RE07)  /  Roue de secours sur jante en acier (RS03)  /  UD03 (inconnu)  /  Détection dégonflage des pneus indirecte (UE05)  /  Radio Multimedia Navi DAB+ (WLX7)  /  Portes coulissantes gauche et droite à commande manuelle (WZ07)  /  Open & Start (Keyless Entry) (YD01)  /  Jantes en aluminium 17. Diamond Cut. pneus 215/60R17 (ZHOJ),BE0174,2GK0FLTPEKB0A0F2,20220608,30,43620.56,VXEVFEHTMN7017426,---,20220430,20220428,,BE01740 (SCHYNS HUY),,Stock Filiale,0019XQ2M-08EC5MLP1-BE00960051-HG99759001,00229983,J01,VU,2021-12-20
199539,Diamond Black (M09V),Alcantara. Jet black (1UFX),Chargeur Monophasé (7.4kW) (LZ02)  /  Open & Start (Keyless Entry) (YD04)  /  Jantes en alliage léger 19 (ZHVK),BE0174,1GUOSYVNKAB0A0F0,20220615,30,47890.75,W0VZ4DGZ2N6817715,---,20220602,20220524,GHISLENGHIEN,BE01740 (SCHYNS HUY),,Stock Filiale,VD VENTE,00230096,J01,VP,2021-12-21
199686,Arktis White (P0WP),Alcantara. Jet Black (SHFO),Black Pack (PD88)  /  Prédisposition roue de secours (accessoire) (RS19)  /  Tapis de sol avant & arrière (UL03),BE0174,1GQOSYRNP1B0A022,,,,---,---,20991231,,,BE01740 (SCHYNS HUY),1,Stock Filiale,0020XPRS-0MU76EF81-BE00960119-HJ12496001,,,VP,
203595,---,---,Ligne de toit en noire brillante (GV15)  /  Chargeur embarqué 11kW triphasé (LZ04)  /  Park & Go Pack (WY24)  /  Keyless Entry & Start (YD07)  /  Jantes en alliage léger 18. tri-ton (ZHA3)  /  Multimedia Navi Pro 10 avec Mirrorlink & Pure Panel 12 (ZJ32)  /  Active Drive Assist Plus (ZVCC),BE0174,1GQOSYHESFB0A022,,,,---,---,20991231,,,BE01740 (SCHYNS HUY),1,Stock Filiale,0013XQWB-0MN769CQ1-BE00960101-HJ01667001,,,VP,
236585,Quartz Grey Metallic (M0F4),Tissu Curitiba Tritone Grey Vinyl Carla Black & Bitone Dashboard (43FT),Roue de secours sur jante en acier (RS03)  /  Radio Multimedia Navi DAB+ (WLX7),BE0174,2GK0FLTPEKB0A0F2,20220711,30,39601.55,VXEVFEHTMN7024985,---,20220603,20220518,,BE01740 (SCHYNS HUY),,Stock Filiale,0001XPK4-08EC5MKP1-BE00960127-HJ51460001,00230067,J01,VU,2021-12-20
257548,Diamond Black (M09V),Tissu Vinyl. Jet Black (81FX),Chargeur Monophasé (7.4kW) (LZ02)  /  Pack Hiver à lavant & Siège Passager certifié AGR (WACC)  /  Design & Tech Pack (Hayon électrique) (YD04),BE0174,1GUOSYRNKAB0A0F0,20220708,30,46690.75,W0VZ4DGZ2N6817939,---,20220701,20220623,GHISLENGHIEN,BE01740 (SCHYNS HUY),,Stock Filiale,0023XRKV-02N75ID81-BE00960132-HJ67394001,00230065,J01,VP,2021-12-20
260643,Kardio Red (M0PQ),Tissu Banda. Marvel Black (D4FX),Experience Pack (JB04)  /  Phares antibrouillard avant à LED (PR05)  /  Climatisation électronique (ECC) (RE07)  /  Vitres surteintées arrières (VD09)  /  Parking Plus Pack (WY24)  /  Jantes en alliage léger 17. 5 double branches. Noir brillant avec pre-équipement roue de secours (ZHXX),BE0174,1GJOA5TNP1B0A0D2,20220503,30,25287.20,VXKUPHNSSN4155532,---,20220421,20220228,,BE01740 (SCHYNS HUY),,Stock Filiale,0007XTBD-0AL48EF81-BE00960133-HJ92073001,00230003,J01,VP,2021-12-20
260792,Voltaic Blue (M0AV),Tissu vinyl GS-line. Jet Black Focus Red (S9FJ),Prédisposition roue de secours (accessoire) (RS19)  /  Park & Go Pack (WY24)  /  Keyless Entry & Start (YD07)  /  Jantes en alliage léger 18. tri-ton (ZHA3)  /  Multimedia Navi Pro 10 avec Mirrorlink & Pure Panel 12 (ZJ32)  /  Active Drive Assist Plus (ZVCB),BE0174,1GQOSYHPXKB0A020,20220331,30,27892.16,VXKUSHNEKMW093976,---,20220207,20211229,,BE01740 (SCHYNS HUY),,Stock Filiale,0059XSXL-0MT76EU61-BE00960136-HJ94583001,00230188,J01,VP,2021-12-22
260830,Quartz Grey (M0F4),Habillage cuir Jet Black avec sièges ergonomiques sport à lavant (82FX),Crochet dattelage amovible (D336)  /  Open & Start (Keyless Entry) (YD04)  /  Jantes en alliage léger 19 (ZHW4),BE0174,1GUOSYVMK1B0A0F0,20220408,30,42473.25,W0VZCYHZ5N6807432,---,20220302,20220218,GHISLENGHIEN,BE01740 (SCHYNS HUY),,Stock Filiale,0094XT31-02U75HE81-BE00960134-HJ92442001,00229973,J01,VP,2021-12-20
260833,---,---,CZ02 (inconnu)  /  LA04 (inconnu)  /  PX37 (inconnu)  /  RE07 (inconnu)  /  RS03 (inconnu)  /  WLX7 (inconnu)  /  WZ07 (inconnu)  /  ZHCI (inconnu),BE0174,2GK0F1NPEKB0A0F2,,,,---,---,20221120,,,BE01740 (SCHYNS HUY),,Stock Filiale,0021XRMH-08D05MLP1-BE00960135-HJ92549001,00230068,J01,VU,2021-12-20
266922,White Jade (P0WP),Tissu Vinyl. Jet Black (81FX),Système dalarme (AB08)  /  Crochet dattelage amovible (D336)  /  Design & Tech Pack (Hayon électrique) (YD04)  /  Prédisposition roue de secours (ZHXF)  /  Active Drive Assist Plus (ZVCC),BE0174,1GUOSYRMK1B0A0F0,,,,---,---,20220505,,,BE01740 (SCHYNS HUY),1,Stock Filiale,,,,VP,
266966,Moonstone Grey Metallic (M0VL),Tissu Curitiba Tritone Grey Vinyl Carla Black & Bitone Dashboard (43FT),Crochet dattelage fixe avec charnières (AQ10)  /  Protection du plancher de chargement en bois. antidérapante. 9mm. bois enduit des passages de roue et des flancs 6mm (GB38)  /  Appearance Pack (PD69)  /  Roue de secours sur jante en acier (RS03)  /  Siège passager réglable manuellement en 4 positions avec accoudoir (WAAO)  /  Portes coulissantes gauche et droite à commande manuelle (WZ07)  /  Jantes en aluminium 17. argentées. pneus 215/60R17 (ZHOE),BE0174,2GK0FLTPEKB0A0F0,20220302,90,42321.26,VXEVFEHTMM7863828,---,20220202,20211224,,BE01740 (SCHYNS HUY),,Stock Filiale,VD NON ASS,00237743,J01,VU,2022-02-25
266968,Quartz Grey (M0F4),Tissu Vinyl. Jet Black (81FX),Predisposition roue de secours (ZHXE),BE0174,1GUOSYSNP1B0A0F0,20220530,30,35332.15,W0VZRHNS1N6814013,---,20220518,20220506,GHISLENGHIEN,BE01740 (SCHYNS HUY),,Stock Filiale,NEVEN,00230061,J01,VP,2021-12-20
266997,White Jade (P0WP),Tissu Vinyl. Jet Black (81FX),Système dalarme (AB08)  /  Crochet dattelage amovible (D336)  /  Design & Tech Pack (Hayon électrique) (YD04)  /  Prédisposition roue de secours (ZHXF)  /  Active Drive Assist Plus (ZVCC),BE0174,1GUOSYRMK1B0A0F0,,30,39377.65,W0VZCYHZ4N6826313,---,20220819,20220803,GHISLENGHIEN,BE01740 (SCHYNS HUY),,Stock Filiale,LEFRANCOIS,00230063,J01,VP,2021-12-20
267185,Icy White (P0PR),Habillage sièges en tissu Mistral Grey (OAFY),IT02 (inconnu)  /  Roue de secours (LV00)  /  Climatisation électronique (RE07)  /  UB09 (inconnu)  /  Multimedia Navi Pro (WL2K),BE0174,2GK95C4MK1B0A050,,,,W0VEFYHZ3NJ726486,---,20220831,,,BE01740 (SCHYNS HUY),,Stock Filiale,ANDENNE LOCATION,00229930,J01,VU,2021-12-20
268506,Karbon Black (M09V),Tissu Fresez Marvel black (D3FX),Experience Pack (JB04)  /  Sight & Light Pack (WV61)  /  Parking Pack (WY38)  /  Pré-équipement roue de secours (ZHXO),BE0038,1GJOA5HPXKB0A0D2,20220429,60,20464.20,VXKUPHNEKN4163419,---,20220429,20220308,,BE01740 (SCHYNS HUY),,Stock Filiale,,00244491,J05,VP,2022-04-21
268533,Kaolin White (P0PR),Tissu Darko Black (35FX),Capucine (JO01)  /  Système de navigation + Radio CD MP3. écran tactile 5 et bluetooth + DAB (JY02)  /  Portes arrière - ouverture 270° (LL02)  /  Pneumatiques Toutes Saisons (MI32)  /  Habillage des panneaux latéraux à mi-hauteur - (TK02)  /  Volant et pommeau de levier de vitesse cuir. Aérateur peint en gris. Cluster Chromée et les feux et essuie-vitres automatiques (VH04)  /  Opel Connect (YR13). Options 100%: Pack Fumeurs (AD01)  /  Roue de réserve avec Cric (RS03)  /  Suspension renforcée arrière bi-lame (SE08),BE0096,2GU93KLNYKB0A0E0,,90,37966.41,VXEYCBPFB12T97500,---,20211228,20211202,,BE01740 (SCHYNS HUY),,03-PARC FLEET,,00232923,J04,VU,2022-01-16
268576,Kaolin White (P0PR),Tissu Darko Black (35FX),Drive Assist Pack (E702)  /  Pack Look 1 (FE10)  /  Capucine (JO01)  /  Système de navigation + Radio CD MP3. écran tactile 5 et bluetooth + DAB (JY02)  /  Portes arrière - ouverture 270° (LL02)  /  Habillage des panneaux latéraux à mi-hauteur - (TK02)  /  Caméra de recul et capteurs de recul (UB09)  /  Contrôle de Traction Intelligent (CTI)+ Hill Descent Control + Pneus Toutes Saisons (UF04)  /  Volant et pommeau de levier de vitesse cuir. Aérateur peint en gris. Cluster Chromée et les feux et essuie-vitres automatiques (VH04)  /  Opel Connect (YR13). Options 100%: Pack Fumeurs (AD01)  /  Roue de réserve avec Cric (RS03)  /  Suspension renforcée arrière bi-lame (SE08),BE0096,2GU95LLNZKB0A0E0,,90,40708.15,VXEYDCPFC12U02349,---,20211228,20211126,,BE01740 (SCHYNS HUY),,03-PARC FLEET,,00230187,J05,VU,2021-12-22
268862,Kaolin White (P0PR),Garnissage TEP Pierce (TJFZ),Système de navigation + Radio CD MP3. écran tactile 5 et bluetooth + DAB (JY02)  /  Climatisation automatique (RE07)  /  Caméra de recul et capteurs de recul (UB09). Options 100%: Pack Fumeurs (AD01)  /  Roue de réserve avec Cric (RS03)  /  Suspension renforcée arrière bi-lame (SE08),BE0174,2GU95LLNZKB0A0E0,20220302,30,39843.79,VXEYDCPFC12U45079,---,20220213,20220126,,BE01740 (SCHYNS HUY),,Stock Filiale,,00229929,J01,VU,2021-12-20
269068,Kaolin White (P0PR),Garnissage TEP Pierce (TJFZ),Drive Assist Pack (E702)  /  Pack Look 1 (FE10)  /  Système de navigation + Radio CD MP3. écran tactile 5 et bluetooth + DAB (JY02)  /  Rétrovisieurs pour un superstructure avec un largeur maximale de 2.35 m à double bras (RX05)  /  Suspension arrière bi-lame avec bare stabilisatrice (SE16). Options 100%: Pack Fumeurs (AD01)  /  Faisceaux électrique arrière (Feux) rallongé pour une superstructure longue (KY06)  /  Roue de réserve avec Cric (RS03),BE0174,2GU96GLNYKB0A0E0,20220802,30,36320.27,VXEYDBPAU12U66071,---,20220422,20220222,,BE01740 (SCHYNS HUY),,Stock Filiale,Andenne Location,00229928,J01,VU,2021-12-20
269075,Moonstone Grey Metallic (M0VL),Tissu Curitiba Tritone Grey Vinyl Carla Black & Bitone Dashboard (43FT),Protection du plancher de chargement en bois. antidérapante. 9mm. bois enduit des passages de roue et des flancs 6mm (GB38)  /  Appearance Pack (PD69)  /  Roue de secours sur jante en acier (RS03)  /  Siège passager réglable manuellement en 4 positions avec accoudoir (WAAO)  /  Radio Multimedia Navi DAB+ (WLX7)  /  Portes coulissantes gauche et droite à commande manuelle (WZ07)  /  Jantes en aluminium 17. argentées. pneus 215/60R17 (ZHOE),BE0174,2GK0FLTPEKB0A0F2,20220530,30,41715.66,VXEVFEHTMN7018986,---,20220502,20220413,,BE01740 (SCHYNS HUY),,Stock Filiale,Depierreux,00229942,J04,VU,2021-12-20
269090,Diamond Black Metallic (M09V),Tissu Curitiba Tritone Grey Vinyl Carla Black & Bitone Dashboard (43FT),Black Edition Pack (ED44)  /  Protection en bois du plancher de chargement avec antidérapant (GB33)  /  Appearance Pack (PD69)  /  Air conditionné automatique bizone (RE07)  /  Roue de secours sur jante en acier (RS03)  /  Fourgon Vitré (VI01)  /  Siège passager réglable manuellement en 4 positions avec accoudoir (WAAO)  /  Radio Multimedia Navi DAB+ (WLX7)  /  Hayon arrière avec vitre (WO06)  /  Portes coulissantes gauche et droite à commande manuelle (WZ07)  /  Jantes en aluminium 17. Diamond Cut. pneus 215/60R17 (ZHOJ),BE0174,2GK0FLTPM1B0A0F2,,,,---,---,20221201,,,BE01740 (SCHYNS HUY),,Stock Filiale,Brichart,00229932,J05,VU,2021-12-20
269915,Quartz Gray (M0F4),Habillage sièges en tissu Mistral Grey (OAFY),Prédisposition attelage (AQ11)  /  ES03 (inconnu)  /  Revêtement de sol en bois de lespace de chargement (9 mm) (GB33)  /  Roue de secours (LV00)  /  Banquette pour passager avant FlexCargo & dossier place centrale rabattable & Tablette mobile à larrière de la banquette passager (ME08)  /  Airbag passager (NN01)  /  PR01 (inconnu)  /  Park Pilot à larrière (UB01)  /  Multimedia Navi Pro (WL2K). Options 100%: Sight and Light Pack (YQ02),BE0174,2GK95C4MK6B0A050,,,,---,---,20220905,,,BE01740 (SCHYNS HUY),,Stock Filiale,JAMART,00229925,J01,VU,2021-12-20
270556,,,---,BE0174,1GK9CL5NP1B0A050,,,,---,---,20220912,,,BE01740 (SCHYNS HUY),,Stock Filiale,,00238294,J01,VP,2022-02-28
273607,,,---,BE0174,1GK9AF5NP1B0A050,,,,---,---,20220914,,,BE01740 (SCHYNS HUY),,Stock Filiale,MASSI,00231218,J04,VP,2021-12-29
274316,Kontrast Grey (M0F4),Tissu Banda. Marvel Black (D4FX),Experience Pack (JB04)  /  Phares antibrouillard avant à LED (PR05)  /  Vitres surteintées arrières (VD09)  /  Parking Plus Pack (WY24)  /  Jantes en alliage léger 17. 5 double branches. Noir brillant avec pre-équipement roue de secours (ZHXX)  /  Multimedia Navi 7 avec integration smartphone (ZJ19),BE0174,1GJOA5TPXKB0A0D2,20220502,30,23075.90,VXKUPHNEKN4148180,---,20220501,20220225,,BE01740 (SCHYNS HUY),,Stock Filiale,DAUTZENBERG  - VIA ARVAL,00231904,J01,VP,2021-12-31
274322,Jade White (P0WP),Tissu Curitiba Tritone Grey Vinyl Carla Black & Bitone Dashboard (43FT),Protection du plancher de chargement en bois. antidérapante. 9mm. bois enduit des passages de roue et des flancs 6mm (GB38)  /  Park Pilot à larrière (UB01)  /  Banquette pour passagers avant avec espace de rangement (WAAF)  /  Radio Multimedia Navi DAB+ (WLX7),BE0174,2GK0F2NPQKB0A0F0,20220622,30,30258.71,VXEVBYHRMN7023166,---,20220618,20220505,,BE01740 (SCHYNS HUY),,Stock Filiale,,00231912,J01,VU,2021-12-31
274325,---,---,Detection Pack (AO01)  /  Système de navigation + Radio CD MP3. écran tactile 5 et bluetooth + DAB (JY02)  /  Portes arrière - ouverture 270° (LL02)  /  Caméra de recul et capteurs de recul (UB09). Options 100%: Pack Fumeurs (AD01)  /  Roue de réserve avec Cric (RS03)  /  Suspension renforcée arrière bi-lame (SE08),BE0174,2GU93LLNYKB0A0E0,20220331,30,38417.86,VXEYDBPFB12U55808,---,20220224,20220211,,BE01740 (SCHYNS HUY),,Stock Filiale,FERIR MARC,00231914,J04,VU,2021-12-31
274327,Kontrast Grey (M0F4),Tissu vinyl GS-line. Jet Black Focus Grey (S9FT),Park & Go Pack (WY24)  /  Keyless Entry & Start (YD07)  /  Feux avant matriciels à LED adaptives Intellilux (YQ03)  /  Multimedia Navi Pro 10 avec Mirrorlink & Pure Panel 12 (ZJ32),BE0174,1GQOSYHNPKB0A020,20220225,30,28757.07,VXKUSHNSKMW107976,---,20220211,20220128,,BE01740 (SCHYNS HUY),,Stock Filiale,NSI IT SOFTWARE -,00231920,J05,VP,2021-12-31
274373,Ruby Red (E0X9),Tissu Curitiba Tritone Grey Vinyl Carla Black & Bitone Dashboard (43FT),Roue de secours sur jante en acier (RS03)  /  Park Pilot à larrière avec Caméra de recul panoramique (180°) (UB13)  /  Fourgon Vitré (VI01)  /  Siège passager réglable manuellement en 4 positions avec accoudoir (WAAO)  /  Portes coulissantes gauche et droite à commande manuelle (WZ07),BE0174,2GK0FLNPEKB0A0F2,,30,39948.39,VXEVFEHTMNZ046576,---,20220628,20220614,GHISLENGHIEN,BE01740 (SCHYNS HUY),,Stock Filiale,VAN DEN BROECK PHILIPPE,00231980,J01,VU,2021-12-31
274374,Kontrast Grey (M0F4),Tissu vinyl GS-line. Jet Black Focus Grey (S9FT),Park & Go Pack (WY24)  /  Keyless Entry & Start (YD07)  /  Feux avant matriciels à LED adaptives Intellilux (YQ03)  /  Multimedia Navi Pro 10 avec Mirrorlink & Pure Panel 12 (ZJ32),BE0174,1GQOSYHNPKB0A020,20220704,30,28757.07,VXKUSHNSKNW010365,---,20220517,20220126,,BE01740 (SCHYNS HUY),,Stock Filiale,EXPO SR BERODE,00247675,J04,VP,2022-05-25
274481,Dynamik Orange (M0Z8),Tissu Fresez Marvel black (D3FX),Chargeur embarqué 11kW triphasé (LZ04)  /  Pneus toutes saison (MI19)  /  Parkpilot - Aide au stationnement à larrière (WY22)  /  Jantes en alliage léger 16 (ZHU1),BE0174,1GJOA5HESFB0A0D2,20220803,30,29595.86,VXKUHZKXZN4138022,---,20220404,20220330,,BE01740 (SCHYNS HUY),,Stock Filiale,VA HUY,00251273,GBO,VP,2022-06-30
274715,---,---,Capucine (JO01)  /  Système de navigation + Radio CD MP3. écran tactile 5 et bluetooth + DAB (JY02)  /  Portes arrière - ouverture 270° (LL02)  /  Caméra de recul et capteurs de recul (UB09). Options 100%: Pack Fumeurs (AD01)  /  Roue de réserve avec Cric (RS03)  /  Suspension renforcée arrière bi-lame (SE08),BE0174,2GU93LLNYKB0A0E0,20220428,90,37867.31,VXEYDBPFB12U82764,---,20220326,20220315,,BE01740 (SCHYNS HUY),,Stock Filiale,,00241918,J01,VU,2022-03-31
275020,---,---,Prédisposition roue de secours (accessoire) (RS19),BE0174,1GQOSYRPXKB0A022,20220426,30,28589.65,VXKUSHNEKNW024010,---,20220421,20220225,,BE01740 (SCHYNS HUY),,Stock Filiale,,00232528,J01,VP,2022-01-11
275024,Vulkan Grey (M0VL),Tissu Sparkle. Jet Black (TUFX),Prédisposition roue de secours (accessoire) (RS19)  /  Parking Pack (Navi Pro) (WY17),BE0174,1GMEAFPNNKB0A0E2,20220504,30,25074.24,W0V7H9ED9N4147513,---,20220427,20220228,,BE01740 (SCHYNS HUY),,Stock Filiale,,00232530,J01,VP,2022-01-11
275305,Karbon Black (M09V),Tissu Fresez Marvel black (D3FX),Climatisation manuelle (RE01)  /  Parkpilot - Aide au stationnement à larrière (WY22)  /  Pré-équipement roue de secours (ZHPQ),BE0174,1GJOA5FMZJB0A0D2,20220510,30,17415.70,VXKUPHMHDN4145821,---,20220427,20220228,,BE01740 (SCHYNS HUY),,Stock Filiale,,00232727,J01,VP,2022-01-14
275377,Kardio Red (M5PQ),Tissu-Vinyl Elegance Jet Black (X5FX),Pneus toutes saisons 205/55 R16 94V (MI19)  /  Prédisposition roue de secours (RS19)  /  Multimedia Navi Pro (ZJBZ),BE0174,1GO5A5PNNKB0A0B2,,,,---,---,20221010,,,BE01740 (SCHYNS HUY),,Stock Filiale,,00232890,J04,VP,2022-01-15
276107,Kristall Silver (M0ZR),Tissu Fresez Marvel black (D3FX),Experience Pack (JB04)  /  Parking Pack (WY38)  /  Multimedia Navi 7 avec integration smartphone (ZJ19),BE0174,1GJOA5HPXKB0A0D2,20220525,30,20600.72,VXKUPHNEKN4139273,---,20220513,20220228,,BE01740 (SCHYNS HUY),,Stock Filiale,,00233412,J01,VP,2022-01-21
276119,Dynamik Orange (M0Z8),Tissu Banda. Marvel Black (D4FX),Deux clés pliables à télécommande (JA12)  /  Vitres surteintées arrières (VD09)  /  Parking Plus Pack (WY24)  /  Jantes en alliage léger 17. 5 double branches. Noir brillant avec pre-équipement roue de secours (ZHXU)  /  Multimedia Navi 7 avec integration smartphone (ZJ19),BE0174,1GJOA5TNP1B0A0D2,20220505,30,24650.20,VXKUPHNSSN4147648,---,20220427,20220228,,BE01740 (SCHYNS HUY),,Stock Filiale,,00233416,J01,VP,2022-01-21
276280,Dynamik Orange (M0Z8),Tissu Fresez Marvel black (D3FX),Experience Pack (JB04)  /  Parking Pack (WY38)  /  Pré-équipement roue de secours (ZHXO)  /  Multimedia Navi 7 avec integration smartphone (ZJ19),BE0174,1GJOA5HPXKB0A0D2,20220525,30,20118.42,VXKUPHNEKN4160458,---,20220427,20220307,,BE01740 (SCHYNS HUY),,Stock Filiale,VD G&amp;G CARS,00233514,J01,VP,2022-01-23
276702,Kardio Red (M5PQ),Tissu-Vinyl GS Line Jet Black (X6FX),Alarme antivol (AB13)  /  Pare-brise chauffant (LW02)  /  Prédisposition roue de secours (RS19)  /  Toit panoramique ouvrant électrique (TC07)  /  Jantes en alliage léger Pentagon 18 pouces. Diamond Cut avec accents rouges (ZHYI)  /  Multimedia Navi Pro (ZJBZ),BE0174,1GO5A5TNPKB0A0B2,20220729,30,32421.26,VXKFPHNSLN1022016,---,20220721,20220707,GHISLENGHIEN,BE01740 (SCHYNS HUY),,Stock Filiale,,00233779,J01,VP,2022-01-25
276726,---,---,Prédisposition roue de secours (accessoire) (RS19),BE0174,1GQOSYRNPKB0A022,20220425,30,29705.66,VXKUSHNSKNW021788,---,20220421,20220223,,BE01740 (SCHYNS HUY),,Stock Filiale,,00233834,J01,VP,2022-01-25
276731,Kardio Red (M5PQ),Cuir Nappa Jet Black (8CFX),Alarme antivol (AB13)  /  GS Line Exterior Pack (PDGW)  /  Prédisposition roue de secours (RS19)  /  Multimedia Navi Pro avec eHUD (ZJCB),BE0174,1GO5A5VNP1B0A0B2,20220801,30,36420.25,VXKFPHNSTN1022021,---,20220721,20220708,GHISLENGHIEN,BE01740 (SCHYNS HUY),,Stock Filiale,,00233838,J01,VP,2022-01-25
276736,Dynamik Orange (M0Z8),Tissu Fresez Marvel black (D3FX),Climatisation manuelle (RE01)  /  Parkpilot - Aide au stationnement à larrière (WY22),BE0174,1GJOA5FMZJB0A0D2,20220517,30,16897.00,VXKUPHMHDN4144857,---,20220427,20220228,,BE01740 (SCHYNS HUY),,Stock Filiale,,00233841,J01,VP,2022-01-25
276927,Voltaic Blue (M0AV),Tissu Fresez Marvel black (D3FX),---,BE0174,1GJOA5HMZJB0A0D2,20220426,30,18125.50,VXKUPHMHDN4150610,---,20220310,20220225,,BE01740 (SCHYNS HUY),,Stock Filiale,,00234032,J05,VP,2022-01-26
276929,Kult Yellow (M0RV),Tissu Comfort Jet Black (X4FX),Prédisposition roue de secours (RS19),BE0174,1GO5A5LMK1B0BUB2,,,,---,---,20220902,,,BE01740 (SCHYNS HUY),,Stock Filiale,,00234035,J05,VP,2022-01-26
276931,Kardio Red (M0PQ),Tissu Fresez Marvel black (D3FX),Pneus toutes saison (MI19)  /  Phares antibrouillard avant à LED (PR05)  /  Pré-équipement roue de secours (ZHXO),BE0174,1GJOA5HMT1B0A0D2,20220331,30,21328.69,VXKUPHNKSN4154556,---,20220310,20220228,,BE01740 (SCHYNS HUY),,Stock Filiale,,00234037,J05,VP,2022-01-26
277028,Vulkan Grey (M0VL),Tissu Peanut. Jet Black (R5FX),Prédisposition roue de secours (accessoire) (RS19)  /  Parking Pack (Multimedia) (WY61)  /  Design Pack 16 (ZHE0),BE0174,1GMEAFPNNKB0D7E0,20220802,60,24618.56,W0V7H9ED5M4389469,---,20220421,20220209,,BE01740 (SCHYNS HUY),,Stock Filiale,VD HUY,00254179,GBO,VP,2022-07-29
277060,Quartz Grey (M0F4),Tissu Peanut. Jet Black (R5FX),Prédisposition roue de secours (accessoire) (RS19)  /  Parking Pack (Multimedia) (WY61)  /  Design Pack 16 (ZHE0),BE0174,1GMEAFPNNKB0D7E0,20220704,60,24618.56,W0V7H9EDXM4389421,---,20220421,20220209,,BE01740 (SCHYNS HUY),,Stock Filiale,VA HUY,00251269,GBO,VP,2022-06-30
277137,Kontrast Grey (M0F4),Tissu Banda. Marvel Black (D4FX),Style Pack Black (J5J7) (+) Toit et rétroviseurs en Diamond Black (JD20) Vitres surteintées arrières (VD09)  /  Parking Pack (WY38)  /  Pré-équipement roue de secours (ZHXQ),BE0174,1GJOA5UMZJB0D7D0,20220428,60,19631.56,VXKUPHMHDN4126036,---,20220421,20220218,,BE01740 (SCHYNS HUY),,Stock Filiale,,00237188,J01,VP,2022-02-21
277203,Kontrast Grey (M0F4),Tissu Banda. Marvel Black (D4FX),Style Pack Black (J5J7) (+) Toit et rétroviseurs en Diamond Black (JD20) Vitres surteintées arrières (VD09)  /  Parking Pack (WY38)  /  Pré-équipement roue de secours (ZHXQ),BE0174,1GJOA5UPXKB0D7D0,20220428,60,20723.56,VXKUPHNEKN4125651,---,20220422,20220209,,BE01740 (SCHYNS HUY),,Stock Filiale,,00236924,J01,VP,2022-02-17
277228,Kardio Red (M0PQ),Tissu Banda. Marvel Black (D4FX),Style Pack Black (J5J7) (+) Toit et rétroviseurs en Diamond Black (JD20) Vitres surteintées arrières (VD09)  /  Parking Pack (WY38)  /  Pré-équipement roue de secours (ZHXQ),BE0174,1GJOA5UPXKB0D7D0,20220609,60,20860.05,VXKUPHNEKN4125850,---,20220421,20220218,,BE01740 (SCHYNS HUY),,Stock Filiale,,00247369,J01,VP,2022-05-23
277545,Quartz Grey (M0F4),Tissu Vinyl. Jet Black (81FX),Multimedia Navi Pro 10 avec Pure Panel 12 et intégration smartphone (WLZ8)  /  Open & Start (Keyless Entry) (YD04)  /  Prédisposition roue de secours (ZHXF),BE0174,1GUOSYRNP1B0A0F0,20220802,60,36961.75,W0VZRHNS0N6801933,---,20220221,20220202,GHISLENGHIEN,BE01740 (SCHYNS HUY),,Stock Filiale,VD HUY,00254175,GBO,VP,2022-07-29
277616,White Jade (P0WP),Habillage sièges en tissu Mistral Grey (OAFY),Pack zone de chargement (Prise 12V + Eclairage renforcé LED + 4 anneaux darrimage à mi-hauteur) + Prise 220V à lavant côté passager (ES08)  /  Rétroviseurs extérieurs rabattables électriqument (HU02)  /  Roue de secours (LV00)  /  Banquette pour passager avant FlexCargo & dossier place centrale rabattable & Tablette mobile à larrière de la banquette passager (ME08)  /  Sièges à lavant chauffants (NA01)  /  Airbags à lavant et airbags latéraux et rideaux à lavant (NF12)  /  Girafon (NL01)  /  Portes arrières battantes vitrées ouverture 180° (PB04)  /  Vitre fixe sur paroi de séparation (PX35)  /  Climatisation électronique (RE07)  /  Park Pilot à lavant et à larrière (UB03)  /  Multimedia Radio DAB+ (WLO2). Options 100%: Chargeur haute tension 11kW. 3phases (LZ04)  /  Opel Connect (YR07),BE0174,2GK91C4ESFB0A042,20220729,30,37334.24,W0VEAZKXZNJ639484,---,20220629,20220621,,BE01740 (SCHYNS HUY),,Stock Filiale,,00234252,J05,VU,2022-01-28
277619,Quartz Grey (M0F4),Tissu Formula. Jet Black (79FX),Vitres surteintées arrières (VD09)  /  Pack Hiver avant (WABW)  /  Prédisposition roue de secours (ZHWZ),BE0174,1GUOSYKNP1B0A0F0,20220728,30,33890.65,W0VZRHNS5N6816072,---,20220716,20220520,GHISLENGHIEN,BE01740 (SCHYNS HUY),,Stock Filiale,,00234255,J05,VP,2022-01-28
277620,---,---,Prédisposition roue de secours (accessoire) (RS19),BE0174,1GQOSYRPXKB0A022,20220314,30,28589.65,VXKUSHNEKNW022270,---,20220227,20220217,,BE01740 (SCHYNS HUY),,Stock Filiale,,00234257,J05,VP,2022-01-28
277622,Dynamik Orange (M0Z8),Tissu Imagination. Captain Blue Mistral (D5FX),Pré-équipement roue de secours (ZHXN),BE0174,1GJOA5UPXKB0A0D2,20220525,30,19918.20,VXKUPHNEKN4159436,---,20220401,20220330,,BE01740 (SCHYNS HUY),,Stock Filiale,,00234260,J05,VP,2022-01-28
277623,Quartz Grey (M0F4),Tissu Peanut. Jet Black (R5FX),Accoudoir conducteur (JB01)  /  Prédisposition roue de secours (accessoire) (RS19)  /  Parking Pack (Navi Pro) (WY17),BE0174,1GMEAFLNNKB0A0E2,20220517,30,24116.36,W0V7D9ED5N4157418,---,20220310,20220228,,BE01740 (SCHYNS HUY),,Stock Filiale,,00234261,J05,VP,2022-01-28
277626,Kardio Red (M5PQ),Tissu-Vinyl Elegance Jet Black (X5FX),Crochet dattelage amovible (AQ05)  /  Prédisposition roue de secours (RS19)  /  Multimedia Navi Pro (ZJBZ),BE0174,1GO5A5PNNKB0A0B2,,,,---,---,20220924,,,BE01740 (SCHYNS HUY),,Stock Filiale,,00234264,J01,VP,2022-01-28
277627,---,---,Prédisposition roue de secours (accessoire) (RS19)  /  Park & Go Pack (WY24)  /  Keyless Entry & Start (YD07),BE0174,1GQOSYHMMKB0A022,20220517,30,27799.16,VXKUDYHSKNW021896,---,20220422,20220218,,BE01740 (SCHYNS HUY),,Stock Filiale,,00234265,J01,VP,2022-01-28
277630,Vertigo Blue (M6SM),Tissu Formula. Jet Black (79FX),Crochet dattelage amovible (D336)  /  Predisposition roue de secours (ZHXE),BE0174,1GUOSYSMK1B0A0F0,20220530,30,37322.34,W0VZCYHZ8N6815072,---,20220512,20220506,GHISLENGHIEN,BE01740 (SCHYNS HUY),,Stock Filiale,,00234267,J01,VP,2022-01-28
277650,Vulkan Grey (M0VL),Tissu Peanut. Jet Black (R5FX),Sight & Light Pack (NB08)  /  Jantes en acier design 16 et pneus toutes saisons (ZHD3)  /  Multimedia Navi Pro 7 (ZJ89),BE0174,1GMEAFLMMKB0A0E2,20220503,30,25520.67,W0V7D9EN2N4157059,---,20220501,20220304,,BE01740 (SCHYNS HUY),,Stock Filiale,,00234288,J01,VP,2022-01-28
277651,Vulkan Grey (M0VL),Tissu Comfort Jet Black (X4FX),Prédisposition roue de secours (RS19)  /  Multimedia Navi Pro (ZJBZ),BE0174,1GO5C5LNNKB0A0B2,,,,---,---,20991231,,,BE01740 (SCHYNS HUY),,Stock Filiale,,00234294,J01,VP,2022-01-28
277859,Diamond Black (M09V),Tissu Formula. Jet Black (79FX),Predisposition roue de secours (ZHXE),BE0174,1GUOSYSNPKB0A0F0,20220525,30,33007.15,W0VZRHNS9N6812073,---,20220511,20220505,GHISLENGHIEN,BE01740 (SCHYNS HUY),,Stock Filiale,,00234557,J01,VP,2022-01-30
277961,Kardio Red (M0PQ),Tissu Banda. Marvel Black (D4FX),Experience Pack (JB04)  /  Phares antibrouillard avant à LED (PR05)  /  Vitres surteintées arrières (VD09)  /  Parking Plus Pack (WY24)  /  Pré-équipement roue de secours (ZHXQ)  /  Multimedia Navi Pro 10 avec integration smartphone (ZJ21),BE0174,1GJOA5TPXKB0A0D2,20220513,30,23121.38,VXKUPHNEKN4170317,---,20220503,20220412,,BE01740 (SCHYNS HUY),,Stock Filiale,,00234672,J05,VP,2022-01-31
277973,Kristall Silver (M0ZR),Tissu Comfort Jet Black (X4FX),Pneus toutes saisons 205/55 R16 94V (MI19)  /  Prédisposition roue de secours (RS19),BE0174,1GO5C5LNP1B0BUB2,,,,---,---,20991231,,,BE01740 (SCHYNS HUY),,Stock Filiale,,00234688,J05,VP,2022-01-31
278015,Arktis White (P0WP),Alcantara Jet Black (X7FX),Crochet dattelage amovible (AQ05)  /  Pare-brise chauffant (LW02)  /  Chargeur monophasé (7.4kW) (LZ02)  /  GS Line Exterior Pack (PDGW)  /  Multimedia Navi Pro avec eHUD (ZJCB),BE0174,1GO5A5VIZAB0A0B2,,,,---,---,20221004,,,BE01740 (SCHYNS HUY),,Stock Filiale,,00234744,J01,VP,2022-01-31
278027,Kontrast Grey (M0F4),Tissu Banda. Marvel Black (D4FX),Sièges chauffants à lavant (NA01)  /  Climatisation électronique (ECC) (RE07)  /  Vitres surteintées arrières (VD09)  /  Feux avant matriciels à LED adaptives Intellilux (WV68)  /  Keyless Entry & Start (Accès et démarrage sans clé) (YD07)  /  Jantes en alliage léger 17. 5 double branches. Noir brillant avec pre-équipement roue de secours (ZHXX)  /  Multimedia Navi Pro 10 avec integration smartphone (ZJ21)  /  Active Drive Assist Pack (ZVCB),BE0174,1GJOA5TPXKB0A0D2,20220512,30,25714.90,VXKUPHNEKN4155069,---,20220427,20220307,,BE01740 (SCHYNS HUY),,Stock Filiale,,00234754,J01,VP,2022-01-31
278032,Vulkan Grey (M0VL),Tissu Comfort Jet Black (X4FX),Multimedia Navi Pro (ZJBZ),BE0174,1GO5C5LMKKB0BUB2,,,,---,---,20991231,,,BE01740 (SCHYNS HUY),,Stock Filiale,,00234772,J01,VP,2022-01-31
278038,Dynamik Orange (M0Z8),Tissu Banda. Marvel Black (D4FX),Deux clés pliables à télécommande (JA12)  /  Experience Pack (JB04)  /  Sièges chauffants à lavant (NA01)  /  Phares antibrouillard avant à LED (PR05)  /  Vitres surteintées arrières (VD09)  /  Parking Plus Pack (WY24)  /  Pré-équipement roue de secours (ZHXQ)  /  Multimedia Navi 7 avec integration smartphone (ZJ19),BE0174,1GJOA5TPXKB0A0D2,20220502,30,22393.40,VXKUPHNEKN4170146,---,20220410,20220405,,BE01740 (SCHYNS HUY),,Stock Filiale,,00234781,J01,VP,2022-01-31
278045,Karbon black (M09V),Tissu vinyl Elegance. Focus Grey (S9FY),Chargeur embarqué 11kW triphasé (LZ04)  /  Plancher de chargement réglable (coffre) (SP16)  /  Vitres surteintées arrières (VD09)  /  Park & Go Pack (WY24)  /  Jantes en alliage léger 17. bi-ton. avec pneus toutes saisons (ZHT9)  /  Multimedia Navi Pro 10 avec Mirrorlink & Pure Panel 12 (ZJ32),BE0174,1GQOSYKESFB0A024,,,,---,---,20221016,,,BE01740 (SCHYNS HUY),,Stock Filiale,,00234792,J01,VP,2022-01-31
278138,Karbon Black (M49V),Alcantara Jet Black (X7FX),Pare-brise chauffant (LW02)  /  Chargeur monophasé (7.4kW) (LZ02)  /  GS Line Exterior Pack (PDGW)  /  Multimedia Navi Pro avec eHUD & Premium sound system (ZJCH),BE0174,1GO5C5VIZAB0A0B2,,,,---,---,20991231,,,BE01740 (SCHYNS HUY),,Stock Filiale,VD VENTE,00234907,J01,VP,2022-01-31
278162,Kult Yellow (M0RV),Tissu-Vinyl Elegance Jet Black (X5FX),Chargeur monophasé (7.4kW) (LZ02)  /  Pack hiver à lavant avec siège conducteur sport certifié (WAGA)  /  Multimedia Navi Pro (ZJBZ)  /  IntelliDrive 1.0 (ZVEP),BE0174,1GO5A5PIZAB0A0B2,,,,---,---,20220918,,,BE01740 (SCHYNS HUY),,Stock Filiale,VD APV,00234929,J01,VP,2022-01-31
278191,Vulkan Grey (M0VL),Alcantara Jet Black (X7FX),Chargeur monophasé (7.4kW) (LZ02)  /  Multimedia Navi Pro (ZJCN)  /  IntelliDrive 1.0 (ZVEP),BE0174,1GO5C5TIZAB0A0B2,,,,---,---,20991231,,,BE01740 (SCHYNS HUY),,Stock Filiale,VD LIBRE,00234957,J01,VP,2022-01-31
278422,Jade White (P0WP),Tissu Curitiba Tritone Grey Vinyl Carla Black & Bitone Dashboard (43FT),Protection du plancher de chargement en bois. antidérapante. 9mm. bois enduit des passages de roue et des flancs 6mm (GB38)  /  Roue de secours sur jante en acier (RS03)  /  Park Pilot à larrière (UB01)  /  Banquette passager avant FlexCargo. rabattable avec espace de rangement (WAAT)  /  Radio Multimedia Navi DAB+ (WLX7),BE0174,2GK0F2NPEKB0A0F2,20220412,30,34707.16,VXEVFEHTMNZ022753,---,20220402,20220314,GHISLENGHIEN,BE01740 (SCHYNS HUY),,Stock Filiale,VA HUY,00235340,J01,VU,2022-01-31
278436,Kult Yellow (M0RV),Tissu-Vinyl Elegance Jet Black (X5FX),Pneus toutes saisons 205/55 R16 94V (MI19)  /  Prédisposition roue de secours (RS19)  /  Pure Panel Multimedia avec écran tactile de 10 pouces. (ZJBT),BE0174,1GO5A5PNNKB0A0B2,,,,---,---,20221101,,,BE01740 (SCHYNS HUY),,Stock Filiale,,00235351,J01,VP,2022-01-31
278637,Arktis White (P0WP),Cuir Siena. Jet Black (T0FO),Black Pack (PD88)  /  Prédisposition roue de secours (accessoire) (RS19),BE0174,1GQOSYRNP1B0A022,20220824,30,32170.16,VXKUSHNSSNW034001,---,20220507,20220422,,BE01740 (SCHYNS HUY),,Stock Filiale,,00235644,J04,VP,2022-02-02
278638,Karbon black (M09V),Tissu vinyl GS-line. Jet Black. Grey Decor (S9FT),Ligne de toit en noire brillante (GV15)  /  Chargeur embarqué 11kW triphasé (LZ04)  /  Park & Go Pack (WY24)  /  Keyless Entry & Start (YD07)  /  Jantes en alliage léger 18. tri-ton (ZHA3)  /  Multimedia Navi Pro 10 avec Mirrorlink & Pure Panel 12 (ZJ32)  /  Active Drive Assist Plus (ZVCC),BE0174,1GQOSYHESFB0A024,,,,---,---,20220919,,,BE01740 (SCHYNS HUY),,Stock Filiale,,00235645,J04,VP,2022-02-02
278639,Vulkan Grey (M0VL),Tissu Comfort Jet Black (X4FX),Rails de toit argentés (PQ02)  /  Prédisposition roue de secours (RS19)  /  Multimedia Navi Pro (ZJBZ),BE0174,1GO5C5LMK1B0BUB2,,,,---,---,20991231,,,BE01740 (SCHYNS HUY),,Stock Filiale,,00235649,J04,VP,2022-02-02
278640,Kristall Silver (M0ZR),Tissu Fresez Marvel black (D3FX),Experience Pack (JB04)  /  Feux ECO LED avant (WV66)  /  Parking Pack (WY38)  /  Multimedia Navi 7 avec integration smartphone (ZJ19),BE0174,1GJOA5HMZJB0A0D2,20220517,30,19781.71,VXKUPHMHDN4174909,---,20220409,20220317,,BE01740 (SCHYNS HUY),,Stock Filiale,,00235650,J04,VP,2022-02-02
278642,Kult Yellow (M0RV),Alcantara Jet Black (X7FX),Phares IntelliLux Pixel Matrix LED (LA05)  /  Pare-brise chauffant (LW02)  /  Multimedia Navi Pro avec Premium Sound System (ZJCL)  /  IntelliDrive 1.0 (ZVEP),BE0174,1GO5A5TNP1B0A0B2,,,,---,---,20221101,,,BE01740 (SCHYNS HUY),,Stock Filiale,,00235654,J04,VP,2022-02-02
278643,Kobalt Blue (M6SM),Alcantara Jet Black (X7FX),Phares IntelliLux Pixel Matrix LED (LA05)  /  Pare-brise chauffant (LW02)  /  Multimedia Navi Pro avec Premium Sound System (ZJCL)  /  IntelliDrive 1.0 (ZVEP),BE0174,1GO5A5TNP1B0A0B2,,,,---,---,20991231,,,BE01740 (SCHYNS HUY),,Stock Filiale,,00235656,J04,VP,2022-02-02
278644,Arktis White (P0WP),Tissu Comfort Jet Black (X4FX),Chargeur monophasé (7.4kW) (LZ02)  /  Multimedia Navi Pro (ZJBZ),BE0174,1GO5A5LIZAB0BUB2,,,,---,---,20991231,,,BE01740 (SCHYNS HUY),,Stock Filiale,,00235658,J04,VP,2022-02-02
278646,Kardio Red (M5PQ),Alcantara Jet Black (X7FX),Pare-brise chauffant (LW02)  /  GS Line Exterior Pack (PDGW)  /  Multimedia Navi Pro avec eHUD & Premium Sound System (ZJCD),BE0174,1GO5A5VMK1B0A0B2,,,,---,---,20221025,,,BE01740 (SCHYNS HUY),,Stock Filiale,,00235660,J04,VP,2022-02-02
278647,Voltaic Blue (M0AV),Tissu Fresez Marvel black (D3FX),Experience Pack (JB04)  /  Feux ECO LED avant (WV66)  /  Parking Pack (WY38)  /  Multimedia Navi 7 avec integration smartphone (ZJ19),BE0174,1GJOA5HMZJB0A0D2,20220517,30,19781.71,VXKUPHMHDN4174666,---,20220409,20220317,,BE01740 (SCHYNS HUY),,Stock Filiale,,00235661,J04,VP,2022-02-02
278650,Dynamik Orange (M0Z8),Tissu Imagination. Captain Blue Mistral (D5FX),Sièges chauffants à lavant (NA01)  /  Vitres surteintées arrières (VD09)  /  Keyless Entry & Start (Accès et démarrage sans clé) (YD07)  /  Pré-équipement roue de secours (ZHXN)  /  Multimedia Navi Pro 10 avec integration smartphone (ZJ21),BE0174,1GJOA5UMT1B0A0D2,20220414,30,23530.91,VXKUPHNKSN4169777,---,20220410,20220329,,BE01740 (SCHYNS HUY),,Stock Filiale,VD G&amp;G CARS,00235676,J01,VP,2022-02-02
278836,BlueLine (E05V),Habillage sièges en tissu Mistral Grey (OAFY),Prédisposition attelage (AQ11)  /  Pack zone de chargement (Prise 12V + Eclairage renforcé LED + 4 anneaux darrimage à mi-hauteur) + Prise 220V à lavant côté passager (ES08)  /  Revêtement de sol en bois de lespace de chargement (9 mm) (GB33)  /  Rétroviseurs extérieurs rabattables électriqument (HU02)  /  IT02 (inconnu)  /  Roue de secours (LV00)  /  LW02 (inconnu)  /  Banquette pour passager avant FlexCargo & dossier place centrale rabattable & Tablette mobile à larrière de la banquette passager (ME08)  /  Airbag passager (NN01)  /  PR01 (inconnu)  /  Park Pilot à larrière (UB01)  /  Système de contrôle de pression des pneumatiques (UE05)  /  Multimedia Navi Pro (WL2K). Options 100%: Sight and Light Pack (YQ02),BE0174,2GK95C4MN6B0A050,,,,---,---,20991231,,,BE01740 (SCHYNS HUY),,Stock Filiale,,00234680,J05,VU,2022-01-31
278981,Thunder Grey (P02B),Garnissage TEP Pierce (TJFZ),Rétroviseurs électriques. chauffants et rabattables électriquement (HU02)  /  Capucine (JO01)  /  Système de navigation + Radio CD MP3. écran tactile 5 et bluetooth + DAB (JY02)  /  Portes arrière - ouverture 270° (LL02)  /  Pneumatiques Toutes Saisons (MI32)  /  Caméra de recul sans capteurs de recul (UB02). Options 100%: Pack Fumeurs (AD01)  /  Roue de réserve avec Cric (RS03)  /  Suspension renforcée arrière bi-lame (SE08),BE0174,2GU95KLNYKB0A0E2,,,,---,---,20221010,,,BE01740 (SCHYNS HUY),,Stock Filiale,,00236078,J01,VU,2022-02-07
279039,Arktis White (P0WP),Tissu Fresez Marvel black (D3FX),Volant chauffant Incl. Volant gainé de cuir à 3 branches (I301)  /  Deux clés pliables à télécommande (JA12)  /  Pneus toutes saison (MI19)  /  Sièges chauffants à lavant (NA01)  /  Phares antibrouillard avant à LED (PR05)  /  Vitres surteintées arrières (VD09)  /  Sight & Light Pack (WV61)  /  Parking Pack (WY38)  /  Pré-équipement roue de secours (ZHXO),BE0174,1GJOA5HPXKB0A0D2,20220421,30,20737.21,VXKUPHNEKN4171826,---,20220315,20220315,,BE01740 (SCHYNS HUY),,Stock Filiale,,00236151,J05,VP,2022-02-08
279042,Kult Yellow (M0RV),Tissu Comfort Jet Black (X4FX),Chargeur monophasé (7.4kW) (LZ02),BE0174,1GO5A5LIZAB0BUB2,,,,---,---,20220927,,,BE01740 (SCHYNS HUY),,Stock Filiale,,00236155,J05,VP,2022-02-08
279043,Kontrast Grey (M0F4),Tissu vinyl GS-line. Jet Black Focus Red (S9FJ),Prédisposition roue de secours (accessoire) (RS19)  /  Multimedia Navi 7 avec Mirrorlink (ZJ31),BE0174,1GQOSYHPXKB0A022,20220429,30,25911.25,VXKUSHNEKNW034272,---,20220422,20220413,,BE01740 (SCHYNS HUY),,Stock Filiale,,00236156,J01,VP,2022-02-08
279044,Arktis White (P0WP),Tissu Fresez Marvel black (D3FX),Climatisation manuelle (RE01),BE0174,1GJOA5FMZJB0A0D2,20220328,30,16851.50,VXKUPHMHDN4172341,---,20220326,20220315,,BE01740 (SCHYNS HUY),,Stock Filiale,,00236157,J01,VP,2022-02-08
279105,Icy White (P0PR),Habillage sièges en tissu Mistral Grey (OAFY),Revêtement de sol en bois de lespace de chargement (9 mm) (GB33)  /  Roue de secours (LV00)  /  Banquette pour passager avant FlexCargo & dossier place centrale rabattable & Tablette mobile à larrière de la banquette passager (ME08)  /  Radio DAB+ avec Bluetooth et port USB. 4 haut-parleurs à lavant (WL2C). Options 100%: Sight and Light Pack (YQ02),BE0174,2GK91A4L5KB0A050,,,,---,---,20991231,,,BE01740 (SCHYNS HUY),,Stock Filiale,,00236217,J01,VU,2022-02-09
279327,Karbon Black (M09V),Tissu Fresez Marvel black (D3FX),Volant chauffant Incl. Volant gainé de cuir à 3 branches (I301)  /  Experience Pack (JB04)  /  Sièges chauffants à lavant (NA01)  /  Vitres surteintées arrières (VD09)  /  Sight & Light Pack (WV61)  /  Parkpilot - Aide au stationnement à larrière (WY22),BE0174,1GJOA5HMNKB0A0D2,20220525,30,21856.51,VXKUBYHTKN4171998,---,20220326,20220315,,BE01740 (SCHYNS HUY),,Stock Filiale,,00236509,J01,VP,2022-02-11
279413,Arktis White (P0WP),Tissu Banda. Marvel Black (D4FX),Volant chauffant Incl. Volant gainé de cuir à 3 branches (I301)  /  Chargeur embarqué 11kW triphasé (LZ04)  /  Sièges chauffants à lavant (NA01)  /  Phares antibrouillard avant à LED (PR05)  /  Vitres surteintées arrières (VD09)  /  Park & Go Pack (WY23)  /  Keyless Entry & Start (Accès et démarrage sans clé) (YD07)  /  Jantes en alliage léger 17 (ZHU2),BE0174,1GJOA5TESFB0A0D4,,30,33450.66,VXKUHZKXZN4284714,---,20220721,20220708,,BE01740 (SCHYNS HUY),,Stock Filiale,,00236610,J04,VP,2022-02-14
279422,---,---,Sièges chauffants à lavant (NA01)  /  Vitres surteintées arrières (VD09)  /  Keyless Entry & Start (Accès et démarrage sans clé) (YD07)  /  Jantes en alliage léger 17. 5 double branches. Noir brillant avec pre-équipement roue de secours (ZHXX)  /  Multimedia Navi Pro 10 avec integration smartphone (ZJ21),BE0174,1GJOA5TMNKB0A0D2,20220525,30,24873.16,VXKUBYHTKN4186672,---,20220428,20220415,,BE01740 (SCHYNS HUY),,Stock Filiale,,00236613,J01,VP,2022-02-14
279424,Karbon black (M09V),Tissu vinyl GS-line. Jet Black. Red Decor (S9FJ),Ligne de toit en noire brillante (GV15)  /  Park & Go Pack (WY24)  /  Multimedia Navi Pro 10 avec Mirrorlink & Pure Panel 12 (ZJ32),BE0174,1GQOSYHM61B0A024,,,,---,---,20220922,,,BE01740 (SCHYNS HUY),,Stock Filiale,,00236615,J01,VP,2022-02-14
279759,Vulkan Grey (M0VL),Tissu Sparkle. Jet Black (TUFX),Toit et rétroviseurs en Diamond Black (JD20)  /  Phares antibrouillard avant (PR05)  /  Prédisposition roue de secours (accessoire) (RS19)  /  Open & Start (Accès sans clé) (YD01),BE0174,1GMEAFPNPQB0A0E2,20220802,60,27148.14,W0V7H9EB5N4170639,---,20220504,20220308,,BE01740 (SCHYNS HUY),,Stock Filiale,,00250486,J01,VP,2022-06-23
279839,Karbon Black (M09V),Tissu Fresez Marvel black (D3FX),Climatisation manuelle (RE01)  /  Parkpilot - Aide au stationnement à larrière (WY22),BE0174,1GJOA5FMZJB0A0D2,20220613,30,17397.50,VXKUPHMHDN4232554,---,20220603,20220517,,BE01740 (SCHYNS HUY),,Stock Filiale,,00237243,J01,VP,2022-02-21
280005,Dark Ruby Red (M0LM),Tissu Vinyl. Jet Black (81FX),Crochet dattelage amovible (D336)  /  IntelliGrip (UF02),BE0174,1GUOSYRNP1B0A0F0,20220817,30,36903.85,W0VZRHNS4N6821764,---,20220709,20220623,GHISLENGHIEN,BE01740 (SCHYNS HUY),,Stock Filiale,,00237420,J05,VP,2022-02-22
280125,Arktis White (P0WP),Tissu Comfort Jet Black (X4FX),Crochet dattelage amovible (AQ05)  /  Chargeur monophasé (7.4kW) (LZ02),BE0174,1GO5A5LIZAB0BUB2,,,,---,---,20220918,,,BE01740 (SCHYNS HUY),,Stock Filiale,,00237483,J05,VP,2022-02-23
280332,Kosmos Red (M0PY),Alcantara. Jet Black (SHFO),Chargeur embarqué 11kW triphasé (LZ04)  /  Black Pack (PD88),BE0174,1GQOSYRESFB0A024,,,,---,---,20220831,,,BE01740 (SCHYNS HUY),,Stock Filiale,,00237589,J04,VP,2022-02-24
280698,Arktis White (P0WP),Alcantara Jet Black (X7FX),Crochet dattelage amovible (AQ05)  /  GS Line Exterior Pack (PDGW)  /  Multimedia Navi Pro avec eHUD & Premium Sound System (ZJCD),BE0174,1GO5A5VMK1B0A0B2,,,,---,---,20221025,,,BE01740 (SCHYNS HUY),,Stock Filiale,,00237710,J04,VP,2022-02-25
280739,Kontrast Grey (M0F4),Tissu Darko Black (35FX),Rétroviseurs électriques. chauffants et rabattables électriquement (HU02)  /  Capucine (JO01)  /  Système de navigation + Radio CD MP3. écran tactile 5 et bluetooth + DAB (JY02)  /  Portes arrière - ouverture 270° (LL02)  /  Caméra de recul sans capteurs de recul (UB02)  /  Volant et pommeau de levier de vitesse cuir. Aérateur peint en gris. Cluster Chromée et les feux et essuie-vitres automatiques (VH04). Options 100%: Pack Fumeurs (AD01)  /  Roue de réserve avec Cric (RS03)  /  Suspension renforcée arrière bi-lame (SE08),BE0174,2GU95KLNYKB0A0E2,,,,---,---,20230126,,,BE01740 (SCHYNS HUY),,Stock Filiale,,00237769,J01,VU,2022-02-25
281000,Dynamik Orange (M0Z8),Tissu Fresez Marvel black (D3FX),Climatisation manuelle (RE01)  /  Pré-équipement roue de secours (ZHPQ),BE0174,1GJOA5FMZJB0A0D2,20220610,30,16642.19,VXKUPHMHDN4230099,---,20220518,20220516,,BE01740 (SCHYNS HUY),,Stock Filiale,PETERS,00238301,J01,VP,2022-02-28
281065,Karbon Black (M09V),Tissu Fresez Marvel black (D3FX),Climatisation manuelle (RE01)  /  Parkpilot - Aide au stationnement à larrière (WY22)  /  Pré-équipement roue de secours (ZHPQ),BE0174,1GJOA5FMZJB0A0D2,20220701,30,17415.70,VXKUPHMHDN4231124,---,20220518,20220516,,BE01740 (SCHYNS HUY),,Stock Filiale,Ernst JM,00238429,J01,VP,2022-02-28
281066,Dynamik Orange (M0Z8),Tissu Fresez Marvel black (D3FX),Climatisation manuelle (RE01)  /  Parkpilot - Aide au stationnement à larrière (WY22)  /  Pré-équipement roue de secours (ZHPQ),BE0174,1GJOA5FMZJB0A0D2,20220628,30,16915.20,VXKUPHMHDN4233547,---,20220603,20220517,,BE01740 (SCHYNS HUY),,Stock Filiale,NELISSEN,00238436,J01,VP,2022-02-28
281079,Kardio Red (M5PQ),Tissu-Vinyl GS Line Jet Black (X6FX),Pare-brise chauffant (LW02)  /  Prédisposition roue de secours (RS19)  /  Toit panoramique ouvrant électrique (TC07)  /  Pure Panel Multimedia avec écran tactile de 10 pouces. (ZJBT),BE0174,1GO5A5TMK1B0A0B2,,,,---,---,20221101,,,BE01740 (SCHYNS HUY),,Stock Filiale,COSTA GIUSEPPE,00238447,J04,VP,2022-02-28
281137,Karbon Black (M49V),Tissu Comfort Jet Black (X4FX),Prédisposition roue de secours (RS19),BE0174,1GO5A5LNNKB0BUB2,,,,---,---,20220926,,,BE01740 (SCHYNS HUY),,Stock Filiale,HANNOSSET LAURENCE,00238479,J01,VP,2022-02-28
281192,Arktis White (P0WP),Tissu Banda. Marvel Black (D4FX),Volant chauffant Incl. Volant gainé de cuir à 3 branches (I301)  /  Chargeur embarqué 11kW triphasé (LZ04)  /  Sièges chauffants à lavant (NA01)  /  Phares antibrouillard avant à LED (PR05)  /  Vitres surteintées arrières (VD09)  /  Park & Go Pack (WY23)  /  Keyless Entry & Start (Accès et démarrage sans clé) (YD07)  /  Jantes en alliage léger 17 (ZHU2),BE0174,1GJOA5TESFB0A0D4,20220818,30,33450.66,VXKUHZKXZN4284715,---,20220727,20220708,,BE01740 (SCHYNS HUY),,Stock Filiale,VAN ROOSBROECK,00238553,J04,VP,2022-02-28
281439,Kosmos Red (M0PY),Tissu vinyl Elegance. Focus Grey (S9FY),---,BE0174,1GQOSYKMMKB0A022,20220621,30,26339.05,VXKUDYHSKNW038753,---,20220603,20220519,,BE01740 (SCHYNS HUY),,Stock Filiale,,00238810,J01,VP,2022-02-28
282022,Dark Ruby Red (M0LM),Alcantara. Jet black (1UFX),Crochet dattelage amovible (D336)  /  Charging Pack (ES09)  /  Open & Start (Keyless Entry) (YD04)  /  Predisposition roue de secours (ZHXE),BE0174,1GUOSYSMK1B0A0F0,,,,---,---,20220701,,,BE01740 (SCHYNS HUY),,Stock Filiale,,00239538,J05,VP,2022-03-07
282025,Dark Ruby Red (M0LM),Habillage cuir Jet Black avec sièges ergonomiques sport à lavant (82FX),Crochet dattelage amovible (D336)  /  Black Pack (GV03)  /  Open & Start (Keyless Entry) (YD04)  /  Pédalier sport en aluminium (YE02)  /  Jantes en alliage léger 19 (ZHW4),BE0174,1GUOSYVMK1B0A0F0,,30,43832.36,W0VZCYHZXN6826509,---,20220805,20220804,GHISLENGHIEN,BE01740 (SCHYNS HUY),,Stock Filiale,,00239539,J05,VP,2022-03-07
282252,Dynamik Orange (M0Z8),Tissu Fresez Marvel black (D3FX),Climatisation manuelle (RE01)  /  Parkpilot - Aide au stationnement à larrière (WY22)  /  Pré-équipement roue de secours (ZHPQ),BE0174,1GJOA5FMZJB0A0D4,20220725,30,17188.21,VXKUPHMHDN4282330,---,20220709,20220628,,BE01740 (SCHYNS HUY),,Stock Filiale,,00244898,J01,VP,2022-04-27
282254,Karbon Black (M09V),Tissu Fresez Marvel black (D3FX),Climatisation manuelle (RE01)  /  Parkpilot - Aide au stationnement à larrière (WY22)  /  Pré-équipement roue de secours (ZHPQ),BE0174,1GJOA5FJUJB0A0D6,20220823,30,18239.26,VXKUPHMHDN4317582,---,20220819,20220808,,BE01740 (SCHYNS HUY),,Stock Filiale,,00247385,J01,VP,2022-05-23
282255,Kristall Silver (M0ZR),Tissu Fresez Marvel black (D3FX),Deux clés pliables à télécommande (JA12)  /  Experience Pack (JB04)  /  Vitres surteintées arrières (VD09)  /  Feux ECO LED avant avec Sight & Light Pack (WV69)  /  Parking Pack (WY38)  /  Multimedia Navi 7 avec integration smartphone (ZJ19),BE0174,1GJOA5HL6KB0A0D6,,,,---,---,20221009,,,BE01740 (SCHYNS HUY),,Stock Filiale,VA CARROSSERIE,00249659,GBO,VP,2022-06-03
282256,Arktis White (P0WP),Tissu Banda. Marvel Black (D4FX),Sièges chauffants à lavant (NA01)  /  Phares antibrouillard avant à LED (PR05)  /  Vitres surteintées arrières (VD09)  /  Keyless Entry & Start (Accès et démarrage sans clé) (YD07)  /  Jantes en alliage léger 17. 5 double branches. Noir brillant avec pre-équipement roue de secours (ZHXU)  /  Multimedia Navi Pro 10 avec integration smartphone (ZJ21),BE0174,1GJOA5TL6KB0A0D6,,,,---,---,20991231,,,BE01740 (SCHYNS HUY),,Stock Filiale,,,,VP,
282463,Karbon Black (M09V),Tissu Imagination. Captain Blue Mistral (D5FX),Deux clés pliables à télécommande (JA12)  /  Phares antibrouillard avant à LED (PR05)  /  Parking Plus Pack (WY24)  /  Jantes en alliage léger 17 x 7.0. 5 doubles branches. Diamond cut. noir brillant incl. pre-équipement roue de secours (ZHXP)  /  Multimedia Navi 7 avec integration smartphone (ZJ19),BE0174,1GJOA5UMT1B0A0D2,20220601,30,23849.40,VXKUPHNKSN4215781,---,20220511,20220430,,BE01740 (SCHYNS HUY),,Stock Filiale,,00240045,J01,VP,2022-03-14
282467,Voltaic Blue (M0AV),Tissu Fresez Marvel black (D3FX),Experience Pack (JB04)  /  Sight & Light Pack (WV61)  /  Parkpilot - Aide au stationnement à larrière (WY22)  /  Pré-équipement roue de secours (ZHXO)  /  Multimedia Navi 7 avec integration smartphone (ZJ19),BE0174,1GJOA5HJUJB0A0D6,20220825,30,20532.45,VXKUPHMHDN4334128,---,20220829,20220809,,BE01740 (SCHYNS HUY),,Stock Filiale,,00240049,J01,VP,2022-03-14
282470,---,---,Pack Hiver + Pare-brise chauffé électriquement (LW02)  /  Black Pack (PDFS)  /  Prédisposition roue de secours (accessoire) (RS19)  /  Jantes en alliage léger 17. Black. avec pneus toutes saisons (ZHE6),BE0174,1GMEAFVNPQB0A0E2,20220614,30,30375.25,W0V7H9EB7N4208369,---,20220519,20220509,,BE01740 (SCHYNS HUY),,Stock Filiale,,00240053,J05,VP,2022-03-14
282670,Vulkan Grey (M0VL),Tissu Sparkle. Jet Black (TUFX),Pack Hiver + Pare-brise chauffé électriquement (LW02),BE0174,1GMEAFPMMKB0A0E0,20220805,60,26246.06,W0V7H9EN8M4373162,---,20220325,20220317,,BE01740 (SCHYNS HUY),,Stock Filiale,VD HUY,00254509,GBO,VP,2022-08-02
282982,Arktis White (P0WP),Alcantara. Jet Black (1UFX),Black Pack (PDFS)  /  Prédisposition roue de secours (accessoire) (RS19)  /  Caméra de recul panoramique (180°) (WYAF)  /  Jantes en alliage léger 17. Black. avec pneus toutes saisons (ZHE6),BE0174,1GMEAFVNPQB0A0E4,,30,29817.24,W0V7H9EB6N4315140,---,20220819,20220808,,BE01740 (SCHYNS HUY),,Stock Filiale,,00240636,J04,VP,2022-03-22
283015,Karbon black (M09V),Tissu vinyl GS-line. Jet Black. Red Decor (S9FJ),Winter Pack (NA01)  /  Prédisposition roue de secours (accessoire) (RS19)  /  Park & Go Pack (WY24)  /  Keyless Entry & Start (YD07)  /  Jantes en alliage léger 18. tri-ton (ZHA3)  /  Multimedia Navi Pro 10 avec Mirrorlink & Pure Panel 12 (ZJ32),BE0174,1GQOSYHM61B0A024,,,,---,---,20991231,,,BE01740 (SCHYNS HUY),,Stock Filiale,,,,VP,
283017,Arktis White (P0WP),Tissu Banda. Jet Black Rubar Red (D4FX),Pack Hiver + Pare-brise chauffé électriquement (LW02)  /  Prédisposition roue de secours (accessoire) (RS19)  /  Caméra de recul (Multimedia) (WYAC),BE0174,1GMEAFUMLQB0A0E4,,,,---,---,20221104,,,BE01740 (SCHYNS HUY),,Stock Filiale,,00240690,J05,VP,2022-03-23
283082,Arktis White (P0WP),Tissu Fresez Marvel black (D3FX),Climatisation manuelle (RE01)  /  Parkpilot - Aide au stationnement à larrière (WY22),BE0174,1GJOA5FMZJB0A0D4,20220627,30,17397.51,VXKUPHMHDN4236054,---,20220602,20220523,,BE01740 (SCHYNS HUY),,Stock Filiale,,00240772,LEP,VP,2022-03-24
283391,Kristall Silver (M0ZR),Tissu Comfort Jet Black (X4FX),Prédisposition roue de secours (RS19)  /  Multimedia Navi Pro (ZJBZ),BE0174,1GO5C5LMK1B0BUB2,,,,---,---,20991231,,,BE01740 (SCHYNS HUY),,Stock Filiale,,00241214,J01,VP,2022-03-30
283419,Karbon Black (M09V),Alcantara. Jet Black (1UFX),Business Premium Pack (VD10)  /  OPC-Line Interior Sport Pack (VH57)  /  Jantes en alliage léger 18 Multirayons Design DC Black Gloss. (ZHVI),BE0174,1GOHA5PIAKB0BUD2,,,,---,---,20221004,,,BE01740 (SCHYNS HUY),,Stock Filiale,,00241339,J04,VP,2022-03-30
283488,Kardio Red (M5PQ),Tissu-Vinyl GS Line Jet Black (X6FX),Recharge smartphone sans fil (E301)  /  Phares IntelliLux Pixel Matrix LED (LA05)  /  Chargeur monophasé (7.4kW) (LZ02)  /  Jantes en alliage léger Pentagon 18 pouces. Diamond Cut avec accents rouges (ZHYI)  /  Multimedia Navi Pro avec eHUD (ZJCB)  /  IntelliDrive 1.0 (ZVEP),BE0174,1GO5A5TIZAB0A0B0,20220503,60,41419.76,VXKF3DGXTN1004267,---,20220430,20220331,GHISLENGHIEN,BE01740 (SCHYNS HUY),,02-Destockage,VD HUY,00245277,J02,VP,2022-04-29
284388,Dynamik Orange (M0Z8),Tissu Fresez Marvel black (D3FX),Climatisation manuelle (RE01)  /  Pré-équipement roue de secours (ZHPQ),BE0174,1GJOA5FMZJB0A0D4,20220623,30,16915.21,VXKUPHMHDN4264317,---,20220630,20220609,,BE01740 (SCHYNS HUY),,Stock Filiale,,00242309,J05,VP,2022-03-31
285211,Diamond Black (M09V),Alcantara. Jet black (1UFX),Open & Start (Keyless Entry) (YD04),BE0174,1GUOSYVNKAB0A0F0,,,,---,---,20991231,,,BE01740 (SCHYNS HUY),,Stock Filiale,,00243176,J01,VP,2022-04-05
285891,Arktis White (P0WP),Tissu Sparkle. Jet Black (TUFX),Prédisposition roue de secours (accessoire) (RS19)  /  Caméra de recul (Multimedia) (WYAC),BE0174,1GMEAFPNPQB0A0E4,,30,25771.74,W0V7H9EB5N4278114,---,20220629,20220617,,BE01740 (SCHYNS HUY),,Stock Filiale,,00243820,J05,VP,2022-04-08
286366,Karbon black (M09V),Tissu Edition. Jet Black (S7FX),Sight & Light Pack (RL05)  /  Tapis de sol avant & arrière (UL03)  /  Parking Pack (WY38)  /  Multimedia Navi 7 avec Mirrorlink (ZJ31)  /  Active Drive Assist Plus (ZVCB),BE0174,1GQOSYGMMKB0A024,,,,---,---,20220901,,,BE01740 (SCHYNS HUY),,Stock Filiale,,00244397,J04,VP,2022-04-20
286367,Diamond Black (M09V),Tissu Formula. Jet Black (79FX),Multimedia Navi Pro 10 avec Pure Panel 12 et intégration smartphone (WLZ7),BE0174,1GUOSYKNPKB0A0F0,20220707,30,33221.05,W0VZRHNS1N6821561,---,20220621,20220615,GHISLENGHIEN,BE01740 (SCHYNS HUY),,Stock Filiale,,00244398,J01,VP,2022-04-20
286437,Karbon Black (M49V),Tissu-Vinyl Elegance Jet Black (X5FX),Chargeur monophasé (7.4kW) (LZ02)  /  Pack hiver à lavant avec siège passager certifié AGR (WAGE)  /  Pure Panel Multimedia avec écran tactile de 10 pouces. (ZJBT)  /  IntelliDrive 1.0 (ZVEP),BE0174,1GO5A5PIZAB0A0B2,20220623,60,39161.21,VXKF3DGXTN1014194,---,20220615,20220519,GHISLENGHIEN,BE01740 (SCHYNS HUY),,22-VEH.BLOQUAGE APV,,,,VP,
286517,Karbon Black (M49V),Tissu-Vinyl Elegance Jet Black (X5FX),Prédisposition roue de secours (RS19)  /  Multimedia Navi Pro (ZJBZ)  /  IntelliDrive 1.0 (ZVFL),BE0174,1GO5A5PNPKB0A0B0,20220708,60,28199.05,VXKFPHNSLN1012435,---,20220516,20220510,GHISLENGHIEN,BE01740 (SCHYNS HUY),,22-VEH.BLOQUAGE APV,,00252440,J01,VP,2022-07-05
287235,Ikone Green (M0HU),Alcantara. Jet Black (SHFO),Chargeur embarqué 11kW triphasé (LZ04)  /  Black Pack (PD88)  /  Techno Pack (WY45),BE0174,1GQOSYRESFB0A024,,,,---,---,20991231,,,BE01740 (SCHYNS HUY),,Stock Filiale,,00245567,J05,VP,2022-04-30
287237,Kristall Silver (M0ZR),Tissu Imagination. Captain Blue Mistral (D5FX),Volant chauffant Incl. Volant gainé de cuir à 3 branches (I301)  /  Style Pack Black (J5J7) (+) Toit et rétroviseurs en Diamond Black (JD20) Vitres surteintées arrières (VD09)  /  Chargeur embarqué 11kW triphasé (LZ04)  /  Sièges chauffants à lavant (NA01)  /  Parking Plus Pack (WY24)  /  Jantes en alliage léger 17 (ZHU2),BE0174,1GJOA5UESFB0A0D4,,,,---,---,20991231,,,BE01740 (SCHYNS HUY),,Stock Filiale,,00245568,J05,VP,2022-04-30
287241,Kosmos Red (M0PY),Tissu vinyl Elegance. Focus Grey (S9FY),Plancher de chargement réglable (coffre) (SP16)  /  Park & Go Pack (WY24)  /  Multimedia Navi Pro 10 avec Mirrorlink & Pure Panel 12 (ZJ32)  /  Active Drive Assist Plus (ZVCB),BE0174,1GQOSYKMMKB0A024,,,,---,---,20220919,,,BE01740 (SCHYNS HUY),,Stock Filiale,,00245569,J01,VP,2022-04-30
287242,Vulkan Grey (M0VL),Tissu-Vinyl Elegance Jet Black (X5FX),Prédisposition roue de secours (RS19)  /  Pack hiver à lavant avec siège conducteur sport certifié (WAGA)  /  Multimedia Navi Pro (ZJCN)  /  IntelliDrive 1.0 (ZVFL),BE0174,1GO5C5PNPKB0A0B2,,,,---,---,20991231,,,BE01740 (SCHYNS HUY),,Stock Filiale,,00245571,J01,VP,2022-04-30
287341,Kontrast Grey (M0F4),Tissu Darko Black (35FX),Attelage fixe (AQ03)  /  Rétroviseurs électriques. chauffants et rabattables électriquement (HU02)  /  Connecteur pour transformations (JI01)  /  Système de navigation + Radio CD MP3. écran tactile 5 et bluetooth + DAB (JY02)  /  Pneumatiques 225/75/R16 C 116/114R renforcés (MI30)  /  Airbag frontal passager (NN01)  /  Siège conducteur à amortissement variable (RH16)  /  Caméra de recul sans capteurs de recul (UB02). Options 100%: Pack Fumeurs (AD01)  /  Roue de réserve avec Cric (RS03)  /  Suspension renforcée arrière bi-lame (SE08),BE0174,2GU95LLNZKB0A0E2,,,,---,---,20991231,,,BE01740 (SCHYNS HUY),,Stock Filiale,,00245703,J05,VU,2022-05-02
287342,Kaolin White (P0PR),Tissu Darko Black (35FX),Attelage fixe (AQ03)  /  Rétroviseurs électriques. chauffants et rabattables électriquement (HU02)  /  Capucine (JO01)  /  Système de navigation + Radio CD MP3. écran tactile 5 et bluetooth + DAB (JY02)  /  Pneumatiques 225/75/R16 C 116/114R renforcés (MI30)  /  Airbag frontal passager (NN01)  /  Siège conducteur à amortissement variable (RH16)  /  Caméra de recul sans capteurs de recul (UB02). Options 100%: Pack Fumeurs (AD01)  /  Roue de réserve avec Cric (RS03)  /  Suspension renforcée arrière bi-lame (SE08),BE0174,2GU93LLNZKB0A0E2,,,,---,---,20991231,,,BE01740 (SCHYNS HUY),,Stock Filiale,,00245704,J05,VU,2022-05-02
287343,Icy White (P0PR),Tissu Curitiba Tritone Grey Vinyl Carla Black & Bitone Dashboard (43FT),Protection en bois du plancher de chargement avec antidérapant (GB33)  /  Rétroviseurs extérieurs à commande électrique et chauffants. rabattable électriquement (HU02)  /  Roue de secours sur jante en acier (RS03)  /  Détection dégonflage des pneus indirecte (UE05)  /  Banquette passager avant FlexCargo. rabattable avec espace de rangement (WAAT)  /  Radio Multimedia (WLX9)  /  Portes coulissantes gauche et droite à commande manuelle (WZ07),BE0174,2GK0F2NPEKB0A0F2,,,,---,---,20221105,,,BE01740 (SCHYNS HUY),,Stock Filiale,,00245705,J04,VU,2022-05-02
287348,Karbon black (M09V),Alcantara. Jet Black (SHFO),Chargeur embarqué 11kW triphasé (LZ04)  /  Black Pack (PD88)  /  Tapis de sol avant & arrière (UL03),BE0174,1GQOSYRESFB0A024,,,,---,---,20991231,,,BE01740 (SCHYNS HUY),,Stock Filiale,VD VENTE,00245721,GBO,VP,2022-05-02
287659,Karbon Black (M49V),Tissu Comfort Jet Black (X4FX),Crochet dattelage amovible (AQ05)  /  Prédisposition roue de secours (RS19)  /  Multimedia Navi Pro (ZJBZ),BE0174,1GO5A5LMKKB0BUB2,,,,---,---,20221101,,,BE01740 (SCHYNS HUY),,Stock Filiale,,00245953,J04,VP,2022-05-05
288692,Vulkan Grey (M0VL),Tissu-Vinyl GS Line Jet Black (X6FX),Crochet dattelage amovible (AQ05)  /  Toit en couleur carrosserie (JD00)  /  Chargeur monophasé (7.4kW) (LZ02)  /  Pure Panel Multimedia avec écran tactile de 10 pouces. (ZJBT),BE0174,1GO5C5TIZAB0A0B2,,,,---,---,20991231,,,BE01740 (SCHYNS HUY),,Stock Filiale,,00247085,J01,VP,2022-05-16
289076,Kult Yellow (M0RV),Cuir Nappa Jet Black (8CFX),Chargeur monophasé (7.4kW) (LZ02)  /  Multimedia Navi Pro avec Premium Sound System (ZJCL)  /  IntelliDrive 1.0 (ZVEP),BE0174,1GO5A5TIZAB0A0B2,,,,---,---,20991231,,,BE01740 (SCHYNS HUY),,Stock Filiale,,00247671,J01,VP,2022-05-25
290679,Karbon Black (M49V),Tissu Comfort Jet Black (X4FX),Multimedia Navi Pro (ZJBZ),BE0174,1GO5A5LMK1B0BUB2,,,,---,---,20991231,,,BE01740 (SCHYNS HUY),,Stock Filiale,,00249492,LEP,VP,2022-05-31
290766,Arktis White (P0WP),Tissu Fresez Marvel black (D3FX),Climatisation manuelle (RE01)  /  Parkpilot - Aide au stationnement à larrière (WY22)  /  Pré-équipement roue de secours (ZHPQ),BE0174,1GJOA5FJUJB0A0D6,,30,17966.26,VXKUPHMHDN4317533,---,20220819,20220808,,BE01740 (SCHYNS HUY),,Stock Filiale,,00249627,J05,VP,2022-06-02
290800,Kontrast Grey (M0F4),Tissu vinyl Elegance. Focus Grey (S9FY),Prédisposition roue de secours (accessoire) (RS19)  /  Vitres surteintées arrières (VD09)  /  Park & Go Pack (WY24)  /  Multimedia Navi Pro 10 avec Mirrorlink & Pure Panel 12 (ZJ32),BE0174,1GQOSYKPXKB0A024,,,,VXKUSHNEKNW074485,---,20220823,,,BE01740 (SCHYNS HUY),,Stock Filiale,VA MECA,00249662,GBO,VP,2022-06-03
290801,Karbon Black (M09V),Tissu Imagination. Captain Blue Mistral (D5FX),Pneus toutes saison (MI19)  /  Sièges chauffants à lavant (NA01)  /  Vitres surteintées arrières (VD09)  /  Keyless Entry & Start (Accès et démarrage sans clé) (YD07),BE0174,1GJOA5UMT1B0A0D4,20220720,60,23676.52,VXKUPHNKSN4281323,---,20220709,20220628,,BE01740 (SCHYNS HUY),,Stock Filiale,,00254562,GBO,VP,2022-08-03
291041,Dynamik Orange (M0Z8),Tissu Banda. Marvel Black (D4FX),Volant chauffant Incl. Volant gainé de cuir à 3 branches (I301)  /  Experience Pack (JB04)  /  Sièges chauffants à lavant (NA01)  /  Phares antibrouillard avant à LED (PR05)  /  Climatisation électronique (ECC) (RE07)  /  Parkpilot - Aide au stationnement à larrière (WY22),BE0174,1GJOA5TMNKB0A0D6,,,,---,---,20221009,,,BE01740 (SCHYNS HUY),,Stock Filiale,,00249930,J01,VP,2022-06-09
291365,Kaolin White (P0PR),Tissu Darko Black (35FX),Capucine (JO01)  /  Airbag frontal passager (NN01)  /  Caméra de recul sans capteurs de recul (UB02). Options 100%: Pack Fumeurs (AD01)  /  Roue de réserve avec Cric (RS03)  /  Suspension renforcée arrière bi-lame (SE08),BE0174,2GU93KLNXKB0A0E1,,,,---,---,20991231,,,BE01740 (SCHYNS HUY),,Stock Filiale,,00250188,J05,VU,2022-06-15
291985,Kontrast Grey (M0F4),Tissu Edition. Jet Black (S7FX),Sight & Light Pack (RL05)  /  Parking Pack (WY38)  /  Multimedia Navi 7 avec Mirrorlink (ZJ31),BE0174,1GQOSYGPXKB0A024,,,,---,---,20220922,,,BE01740 (SCHYNS HUY),,Stock Filiale,,00250487,J01,VP,2022-06-23
292255,Kardio Red (M5PQ),Tissu Comfort Jet Black (X4FX),Pneus toutes saisons 205/55 R16 94V (MI19)  /  Multimedia Navi Pro (ZJBZ),BE0174,1GO5C5LNPKB0BUB2,,,,---,---,20991231,,,BE01740 (SCHYNS HUY),,Stock Filiale,,00250832,J01,VP,2022-06-28
292260,Karbon Black (M49V),Tissu-Vinyl Elegance Jet Black (X5FX),Crochet dattelage amovible (AQ05)  /  Pack hiver à lavant avec siège passager certifié AGR (WAGE)  /  Multimedia Navi Pro (ZJCN),BE0174,1GO5C5PNNKB0A0B2,,,,---,---,20991231,,,BE01740 (SCHYNS HUY),,Stock Filiale,,00250841,J01,VP,2022-06-28
292528,Icy White (P0PR),Habillage cuir Claudia Black (CYFX),Sièges arrières coulissants et rabattables en 2 parties à la 3ème rangée (AN17). Options 100%: Chargeur 11kW triphasé (LZ04),BE0174,1GK0NPSEZFB0A0F2,,,,---,---,20991231,,,BE01740 (SCHYNS HUY),,Stock Filiale,,00251218,J01,VP,2022-06-29
292529,Black Perla Nera (M09V),Habillage sièges en tissu Mistral Grey (OAFY),Jantes en alliage 16 pouces (DZSD)  /  Pack Comfort Connect (J685) (+) Rétroviseurs extérieurs rabattables électriqument (HU02) Siège conducteur réglable manuellement en 6 positions. longueur. hauteur et soutien du dos (IT02) Pack acoustique amélioré de niveau 3 et avec des touches de chrome sur lintérieur de la porte (OR03) rangement fermé derrière le combiné (RB39) Caméra de récul & Park Pilot arrière (UB09) Multimedia Navi Pro (WL2K) Sight and Light Pack (YQ02)  /  Airbag passager (NN01). Options 100%: Prédisposition BTA (Opel Connect) (YR04),BE0174,2GK91A4L5KB0A052,,,,---,---,20221114,,,BE01740 (SCHYNS HUY),,Stock Filiale,,00251220,J04,VU,2022-06-29
293271,Vulkan Grey (M0VL),Tissu Comfort Jet Black (X4FX),Crochet dattelage amovible (AQ05)  /  Prédisposition roue de secours (RS19)  /  Multimedia Navi Pro (ZJBZ),BE0174,1GO5A5LMK1B0BUB2,,,,---,---,20991231,,,BE01740 (SCHYNS HUY),,Stock Filiale,,00252046,J01,VP,2022-07-04
293272,Karbon black (M09V),Alcantara. Jet Black (SHFO),Black Pack (PD88),BE0174,1GQOSYRPXKB0A024,,,,---,---,20991231,,,BE01740 (SCHYNS HUY),,Stock Filiale,,00252047,J01,VP,2022-07-04
293696,Arktis White (P0WP),Tissu Imagination. Captain Blue Mistral (D5FX),Pneus toutes saison (MI19)  /  Sièges chauffants à lavant (NA01)  /  Vitres surteintées arrières (VD09)  /  Keyless Entry & Start (Accès et démarrage sans clé) (YD07),BE0174,1GJOA5UL81B0A0D6,,60,23954.07,VXKUPHNKSN4318387,---,20220819,20220808,,BE01740 (SCHYNS HUY),,Stock Filiale,,,,VP,
294215,Karbon Black (M09V),Tissu Banda. Marvel Black (D4FX),Pneus toutes saison (MI19)  /  Sièges chauffants à lavant (NA01)  /  Vitres surteintées arrières (VD09)  /  Keyless Entry & Start (Accès et démarrage sans clé) (YD07),BE0174,1GJOA5TM61B0A0D6,,60,25774.06,VXKUPHNSSN4318474,---,20220819,20220808,,BE01740 (SCHYNS HUY),,22-VEH.BLOQUAGE APV,,,,VP,
294216,Karbon Black (M09V),Tissu Banda. Marvel Black (D4FX),Pneus toutes saison (MI19)  /  Sièges chauffants à lavant (NA01)  /  Vitres surteintées arrières (VD09)  /  Keyless Entry & Start (Accès et démarrage sans clé) (YD07),BE0174,1GJOA5TM61B0A0D6,20220802,60,25774.06,VXKUPHNSSN4318476,---,20220730,20220719,,BE01740 (SCHYNS HUY),,22-VEH.BLOQUAGE APV,VD HUY,00254176,GBO,VP,2022-07-29
294805,Dynamik Orange (M0Z8),Tissu Fresez Marvel black (D3FX),Pneus toutes saison (MI19)  /  Parkpilot - Aide au stationnement à larrière (WY22),BE0174,1GJOA5HESFB0A0E0,,,,---,---,20221111,,,BE01740 (SCHYNS HUY),,Stock Filiale,,00254084,J04,VP,2022-07-28
294811,Karbon Black (M09V),Tissu Banda. Marvel Black (D4FX),Accoudoir avant avec boîte à rangement (JB04)  /  Chargeur embarqué 11kW triphasé (LZ04)  /  Vitres surteintées arrières (VD09)  /  Parking Plus Pack (WY24)  /  Jantes en alliage léger 17 x 7.0 (ZHQV)  /  Multimedia Navi Pro 10 avec integration smartphone (ZJ21),BE0174,1GJOA5TESFB0A0E0,,,,---,---,20221111,,,BE01740 (SCHYNS HUY),,Stock Filiale,VD VENTE,00254093,GBO,VP,2022-07-28
294860,Ikone Green (M0HU),Tissu vinyl Elegance. Focus Grey (S9FY),Couleur de toit Karbon Black (JD20)  /  Winter Pack (NA01)  /  Prédisposition roue de secours (accessoire) (RS19)  /  Plancher de chargement réglable (coffre) (SP16)  /  Vitres surteintées arrières (VD09)  /  Keyless Entry & Start (YD07)  /  Jantes en alliage léger 17. bi-ton. avec pneus toutes saisons (ZHT9),BE0174,1GQOSYKM61B0A024,,,,---,---,20991231,,,BE01740 (SCHYNS HUY),,Stock Filiale,,00254183,J05,VP,2022-07-29
295055,Kardio Red (M0PQ),Tissu Banda. Marvel Black (D4FX),Deux clés pliables à télécommande (JA12)  /  Phares antibrouillard avant à LED (PR05)  /  Pré-équipement roue de secours (ZHG4),BE0174,1GJOA5TP6KB0A0E0,,,,---,---,20991231,,,BE01740 (SCHYNS HUY),,Stock Filiale,,00254550,J05,VP,2022-08-03
295056,Dynamik Orange (M0Z8),Tissu Imagination. Captain Blue Mistral (D5FX),Parking Pack (WY38)  /  Multimedia Navi Pro 10 avec integration smartphone (ZJ21),BE0174,1GJOA5UESFB0A0E0,,,,---,---,20221111,,,BE01740 (SCHYNS HUY),,Stock Filiale,,00254553,O01,VP,2022-08-03
295056,Dynamik Orange (M0Z8),Tissu Imagination. Captain Blue Mistral (D5FX),Parking Pack (WY38)  /  Multimedia Navi Pro 10 avec integration smartphone (ZJ21),BE0174,1GJOA5UESFB0A0E0,,,,---,---,20221111,,,BE01740 (SCHYNS HUY),,Stock Filiale,,00254553,O01,VP,2022-08-03
